experiment_id,uniprot_id,pdb_id,mutation,split,experimental_ddG,predicted_ddG,residual
VB02862,P83876,1QGV,D,test,0.9,0.6008327850315102,-0.29916721496848986
PT017236,P13479,1IMQ,L,test,1.82,0.7889863558215112,-1.031013644178489
PT017237,P13479,1IMQ,L,test,0.26,0.7088520559269657,0.44885205592696564
PT017238,P13479,1IMQ,I,test,-0.07,1.5177804629264968,1.5877804629264969
PT017239,P13479,1IMQ,V,test,-0.88,0.7229722901886817,1.6029722901886818
PT017240,P13479,1IMQ,G,test,0.14,0.5368974853587868,0.3968974853587868
PT017243,P13479,1IMQ,L,test,0.67,0.16257079379542436,-0.5074292062045757
PT017244,P13479,1IMQ,L,test,-0.33,0.23990620071787863,0.5699062007178787
PT017245,P13479,1IMQ,I,test,0.81,0.6132943748332899,-0.1967056251667102
VB05444,P13479,1IMQ,G,test,1.4,0.7452822801054485,-0.6547177198945514
VB00036,P24297,1BRF,K,test,0.6,0.8898947124083829,0.28989471240838294
PT004654,P0AEG4,1A23,S,test,1.1,1.7468452126811211,0.646845212681121
PT004655,P0AEG4,1A23,S,test,1.8,0.9476604595491471,-0.8523395404508529
PT008911,P0AEG4,1A23,Y,test,-3.9666666666666655,1.0220405464073115,4.988707213073977
PT014483,P0AEG4,1A23,L,test,-4.966666666666666,0.8385116791746956,5.8051783458413615
PT014484,P0AEG4,1A23,S,test,-4.4,1.32576246811659,5.72576246811659
PT009472,P61823,1KF2,N,test,1.9,0.5342065926196159,-1.3657934073803841
PT009473,P61823,1KF2,A,test,2.2,0.6412560800085432,-1.558743919991457
PT009474,P61823,1KF2,A,test,-0.2,0.6402549563062546,0.8402549563062547
PT013934,P61823,1KF2,A,test,2.7,0.7107660004562978,-1.9892339995437025
PT013935,P61823,1KF2,S,test,2.1,0.5998686986763161,-1.5001313013236839
PT013936,P61823,1KF2,A,test,3.2,0.3141219764824457,-2.8858780235175545
PT014159,P61823,1KF2,G,test,3.45,0.300240715899639,-3.149759284100361
PT014124,P61823,1KF2,F,test,3.52,0.8935740406878985,-2.6264259593121015
PT014125,P61823,1KF2,A,test,12.0,2.972545940568698,-9.027454059431303
PT014126,P61823,1KF2,G,test,11.7,3.41644308592022,-8.28355691407978
PT014158,P61823,1KF2,G,test,2.4000000000000004,0.7744658369908411,-1.625534163009159
PT016632,P61823,1KF2,L,test,3.2,1.1268975422650196,-2.0731024577349806
PT016633,P61823,1KF2,V,test,4.52,1.1847580619415208,-3.335241938058479
PT016634,P61823,1KF2,A,test,6.36,2.8329096984049422,-3.527090301595058
PT020127,P61823,1KF2,S,test,0.4466666666666666,0.5520924075068386,0.10542574084017203
PT020129,P61823,1KF2,S,test,0.0466666666666666,0.5046971118659604,0.45803044519929387
PT020131,P61823,1KF2,A,test,-0.7699999999999999,0.5562583514855013,1.3262583514855013
PT021926,P61823,1KF2,A,test,3.75,2.4036512353724935,-1.3463487646275065
PT021927,P61823,1KF2,G,test,7.34,4.891667839957029,-2.4483321600429706
PT021928,P61823,1KF2,A,test,2.59,1.716856640820806,-0.873143359179194
PT021929,P61823,1KF2,G,test,4.885,3.2316842758952435,-1.6533157241047562
PT021930,P61823,1KF2,A,test,2.875,2.221575526556734,-0.6534244734432662
PT021931,P61823,1KF2,G,test,5.51,4.696131281669185,-0.8138687183308146
PT021932,P61823,1KF2,A,test,2.01,0.9589170104473914,-1.0510829895526084
PT021933,P61823,1KF2,G,test,3.5,1.3674190098163108,-2.132580990183689
PT021934,P61823,1KF2,G,test,0.415,1.0019055439048377,0.5869055439048376
PT021935,P61823,1KF2,V,test,0.31,1.0110170897576747,0.7010170897576746
PT021936,P61823,1KF2,A,test,2.9225000000000003,2.474791531753365,-0.44770846824663524
PT021937,P61823,1KF2,G,test,4.8,5.11821723527476,0.3182172352747603
PT021938,P61823,1KF2,V,test,0.8,0.8959118807993857,0.09591188079938562
PT021939,P61823,1KF2,A,test,4.385,2.5711171198704363,-1.8138828801295634
PT021940,P61823,1KF2,V,test,0.08,1.138402561692813,1.058402561692813
PT021941,P61823,1KF2,A,test,2.84,2.8739636794077237,0.033963679407723824
PT021942,P61823,1KF2,A,test,4.2,2.221801151301218,-1.9781988486987823
PT021943,P61823,1KF2,G,test,7.28,4.880929016789814,-2.399070983210186
PT021944,P61823,1KF2,G,test,0.415,1.8184900610271457,1.4034900610271457
PT021945,P61823,1KF2,A,test,0.6799999999999999,1.8745670256852076,1.1945670256852077
PT021946,P61823,1KF2,G,test,1.19,4.034370375774325,2.8443703757743246
PT021947,P61823,1KF2,A,test,1.91,1.6837822929952733,-0.22621770700472665
PT021948,P61823,1KF2,G,test,2.785,3.529215731141482,0.7442157311414817
PT021949,P61823,1KF2,L,test,1.795,0.6829589828082112,-1.1120410171917887
PT021950,P61823,1KF2,L,test,2.19,0.9261208243715617,-1.2638791756284382
PT021951,P61823,1KF2,L,test,1.0950000000000002,0.6561993319457354,-0.43880066805426476
PT021952,P61823,1KF2,I,test,1.925,0.5202157036307515,-1.4047842963692485
PT021953,P61823,1KF2,L,test,2.385,0.6989681938808364,-1.6860318061191633
PT021954,P61823,1KF2,I,test,1.3,0.6530096465877593,-0.6469903534122408
PT021955,P61823,1KF2,L,test,0.7,1.0293167027431274,0.3293167027431274
PT021956,P61823,1KF2,I,test,0.415,0.920373510165719,0.5053735101657191
PT023705,P61823,1KF2,A,test,2.5,0.9349988537815873,-1.5650011462184126
PT023706,P61823,1KF2,T,test,2.8,0.8589748984195971,-1.9410251015804028
VB04119,P61823,1KF2,L,test,2.2,0.7501711375794006,-1.4498288624205995
VB04131,P61823,1KF2,D,test,-0.6,0.10937631058874549,0.7093763105887455
VB05915,Q51912,1HZ6,A,test,1.3,1.438162337527521,0.13816233752752094
VB05916,Q51912,1HZ6,A,test,1.8,0.9418787584080159,-0.8581212415919841
VB05917,Q51912,1HZ6,A,test,4.5,3.625184461132631,-0.8748155388673688
VB00419,Q51912,1HZ6,V,test,0.6,1.1320618290158302,0.5320618290158302
VB00420,Q51912,1HZ6,A,test,0.9,0.8977943036889067,-0.0022056963110933525
VB00421,Q51912,1HZ6,G,test,2.4,1.9024457456012218,-0.4975542543987781
VB05918,Q51912,1HZ6,A,test,1.8,1.2730158925518218,-0.5269841074481783
VB05919,Q51912,1HZ6,A,test,2.7,2.5761345191541407,-0.12386548084585947
VB05920,Q51912,1HZ6,A,test,1.3,2.179406458195943,0.8794064581959431
VB05921,Q51912,1HZ6,V,test,0.4,0.6553105841894441,0.2553105841894441
VB05922,Q51912,1HZ6,A,test,2.9,1.7526534371145495,-1.1473465628854504
VB05923,Q51912,1HZ6,L,test,0.6,0.3820228192298318,-0.2179771807701682
VB05926,Q51912,1HZ6,A,test,1.7,0.2616315081619065,-1.4383684918380935
VB05929,Q51912,1HZ6,A,test,0.2,-0.20228498471663892,-0.4022849847166389
VB00430,Q51912,1HZ6,A,test,1.2,0.18048820880116903,-1.019511791198831
VB05930,Q51912,1HZ6,A,test,1.0,0.19836452941166394,-0.8016354705883361
VB05933,Q51912,1HZ6,A,test,0.7,0.6052825797130523,-0.09471742028694763
VB05934,Q51912,1HZ6,A,test,5.2,2.4009062079066203,-2.79909379209338
VB05935,Q51912,1HZ6,L,test,3.3,0.8285301079399796,-2.4714698920600204
VB05936,Q51912,1HZ6,A,test,0.9,0.4592964011607374,-0.44070359883926263
VB05938,Q51912,1HZ6,A,test,1.1,0.9635067920683941,-0.13649320793160602
VB00437,Q51912,1HZ6,G,test,3.1,4.205730792626796,1.105730792626796
VB00438,Q51912,1HZ6,L,test,0.4,0.7889938141597266,0.38899381415972656
VB05939,Q51912,1HZ6,G,test,0.0,0.4877996891067138,0.4877996891067138
VB00440,Q51912,1HZ6,G,test,2.5,1.9219554704769568,-0.5780445295230432
VB05940,Q51912,1HZ6,A,test,1.2,1.2517463163773768,0.05174631637737681
VB05941,Q51912,1HZ6,A,test,-0.3,0.11739920546704276,0.41739920546704273
VB00443,Q51912,1HZ6,G,test,0.8,0.3761782505884938,-0.42382174941150624
VB00457,Q51912,1HZ6,A,test,0.2,0.42810463891178047,0.22810463891178046
VB05958,Q51912,1HZ6,G,test,0.6,0.19293268171830416,-0.40706731828169584
VB05960,Q51912,1HZ6,A,test,1.5,1.778541635727911,0.2785416357279109
VB00465,Q51912,1HZ6,L,test,-0.4,1.2925254015522372,1.692525401552237
VB05924,Q51912,1HZ6,P,test,0.1,0.7465559868898327,0.6465559868898327
VB05925,Q51912,1HZ6,V,test,1.1,0.1370665647826934,-0.9629334352173067
VB05927,Q51912,1HZ6,A,test,1.6,-0.23206221000930716,-1.8320622100093074
VB05928,Q51912,1HZ6,V,test,2.7,-0.20308262088686818,-2.9030826208868685
VB05931,Q51912,1HZ6,G,test,2.1,0.17082596096885488,-1.9291740390311451
VB05932,Q51912,1HZ6,V,test,-1.1,-0.11573253361096635,0.9842674663890337
VB05937,Q51912,1HZ6,A,test,1.9,0.8676149782792709,-1.0323850217207289
PT000503,P00593,1G4I,Y,test,-1.15,1.483763657787598,2.633763657787598
PT000504,P00593,1G4I,I,test,-2.05,1.4406442615015356,3.4906442615015356
PT000505,P00593,1G4I,A,test,-0.35,2.730084704197443,3.0800847041974433
PT000506,P00593,1G4I,Y,test,-0.35,1.2504445985289272,1.6004445985289273
PT000507,P00593,1G4I,I,test,-1.4,1.0402056659889567,2.4402056659889566
PT000508,P00593,1G4I,A,test,1.05,2.1693091001214357,1.1193091001214357
VB02644,P00593,1G4I,A,test,1.9,0.9242594545310825,-0.9757405454689174
VB02645,P00593,1G4I,N,test,2.4,1.0993587443050594,-1.3006412556949405
VB02646,P00593,1G4I,Q,test,0.5,0.9614017412176569,0.46140174121765687
PT022893,P39060,1BNL,A,test,3.89,0.5906769155975274,-3.299323084402473
VB00114,P02631,1RRO,A,test,0.7,0.08282502788079234,-0.6171749721192076
VB00115,P02631,1RRO,A,test,0.7,0.4905473675512535,-0.20945263244874646
PT016702,P02625,1RTP,P,test,-1.25,1.061870427923701,2.311870427923701
PT016703,P02625,1RTP,P,test,0.485,0.7874608214986178,0.30246082149861786
PT016707,P02625,1RTP,S,test,0.29,0.2912439237179422,0.0012439237179422413
VB05739,P02625,1RTP,P,test,0.5,0.6201270816907677,0.12012708169076769
PT013184,P69441,1ANK,H,test,1.4,0.5692857508296031,-0.8307142491703968
PT013185,P69441,1ANK,V,test,2.4,0.3131030274820483,-2.086896972517952
PT013186,P69441,1ANK,L,test,0.8,0.847346287640097,0.04734628764009696
PT014157,P69441,1ANK,G,test,0.15,1.8466517269135496,1.6966517269135497
PT007235,P07170,1AKY,D,test,2.125,0.16730538175485452,-1.9576946182451456
PT007236,P07170,1AKY,H,test,2.125,0.1768267828175697,-1.9481732171824304
PT007240,P07170,1AKY,I,test,1.1949999999999998,0.307937442677696,-0.8870625573223039
PT007241,P07170,1AKY,F,test,1.905,1.1313844158202577,-0.7736155841797423
VB01840,P07170,1AKY,E,test,1.0,-0.2138434296581895,-1.2138434296581895
VB03974,P07170,1AKY,H,test,2.6,0.601851213456506,-1.998148786543494
PT016856,P03958,2ADA,F,test,-4.726666666666667,0.6696595399272677,5.396326206593934
PT016857,P03958,2ADA,F,test,-7.326666666666667,1.0998127757265899,8.426479442393257
PT016858,P03958,2ADA,F,test,-8.64,1.3446345982133432,9.984634598213344
PT016859,P03958,2ADA,F,test,-4.6866666666666665,0.6468125317990852,5.333479198465752
VB04095,P38398,1JNX,W,test,3.4,0.9328726244483014,-2.4671273755516987
VB04096,P38398,1JNX,R,test,4.2,0.12575610373205348,-4.074243896267947
VB04097,P38398,1JNX,M,test,1.7,1.8044042087265375,0.10440420872653755
PT011557,P30289,1MGR,F,test,0.6,0.34769072801456447,-0.2523092719854355
PT011558,P30289,1MGR,F,test,-0.5,0.1771990146724134,0.6771990146724134
PT011559,P30289,1MGR,F,test,2.6,0.4453383506078591,-2.154661649392141
PT011560,P30289,1MGR,F,test,2.1,0.7974641005322304,-1.3025358994677698
PT011561,P30289,1MGR,F,test,0.7,0.5391631505807758,-0.16083684941922416
PT011562,P30289,1MGR,F,test,1.5,1.0433755868259305,-0.45662441317406954
PT011563,P30289,1MGR,F,test,1.0,1.6265096222365938,0.6265096222365938
VB00096,P30289,1MGR,F,test,0.0,0.31882271133566614,0.31882271133566614
VB02874,P22307,1QND,S,test,1.4,0.6233200835466544,-0.7766799164533456
VB04019,P26514,1E0W,A,test,-1.1,2.351336701344329,3.4513367013443292
VB04020,P26514,1E0W,F,test,2.2,0.6347208368238445,-1.5652791631761556
VB04021,P26514,1E0W,H,test,0.5,2.5435201143923964,2.0435201143923964
VB04022,P26514,1E0W,A,test,2.8,2.717600756806048,-0.08239924319395175
VB04023,P26514,1E0W,F,test,0.5,0.4310988040300502,-0.06890119596994981
VB04024,P26514,1E0W,S,test,-0.9,2.9258363610982707,3.8258363610982706
VB04025,P26514,1E0W,A,test,2.6,1.75407370319223,-0.8459262968077701
VB04026,P26514,1E0W,F,test,1.8,-0.15474823593436915,-1.9547482359343693
VB04027,P26514,1E0W,H,test,4.0,2.463860036519533,-1.5361399634804669
VB04028,P26514,1E0W,A,test,-2.3,1.0234836271625285,3.3234836271625285
VB04029,P26514,1E0W,F,test,-0.4,0.45822488626035446,0.8582248862603545
VB04030,P26514,1E0W,H,test,-0.1,0.7568035210945575,0.8568035210945575
VB00308,P48052,1AYE,G,test,1.0,0.4944924677963699,-0.5055075322036301
VB04006,P04164,1C52,A,test,-5.0,0.4916930729464102,5.49169307294641
VB04007,P04164,1C52,H,test,0.7,0.0648441956397284,-0.6351558043602715
VB04466,P02753,1RBP,F,test,2.5,0.20668500197402187,-2.293314998025978
VB04467,P02753,1RBP,L,test,2.6,0.32675153410271873,-2.2732484658972814
VB04468,P02753,1RBP,Y,test,2.2,0.3877831128575943,-1.8122168871424058
VB04469,P02753,1RBP,H,test,0.1,2.5805512659589867,2.4805512659589866
VB04470,P02753,1RBP,F,test,0.4,0.9003698186483514,0.5003698186483514
VB04471,P02753,1RBP,Q,test,2.6,0.2974370919551371,-2.302562908044863
VB05389,P0A3E0,1FTG,L,test,0.1,1.2393131124333037,1.1393131124333036
VB05388,P0A3E0,1FTG,F,test,0.8,0.8164143708256407,0.01641437082564068
VB05387,P0A3E0,1FTG,A,test,1.3,1.0850472046422837,-0.2149527953577164
PT017927,P0A3E0,1FTG,K,test,0.2689999999999999,0.2829989773829828,0.013998977382982891
PT017928,P0A3E0,1FTG,K,test,0.4745454545454546,-0.19380543685276122,-0.6683508913982158
PT017929,P0A3E0,1FTG,K,test,-0.06,-0.1999092662273979,-0.1399092662273979
PT017930,P0A3E0,1FTG,K,test,0.0159999999999999,0.30862443744152074,0.29262443744152083
PT017931,P0A3E0,1FTG,K,test,0.3954545454545455,-0.20573236492164862,-0.6011869103761941
PT017932,P0A3E0,1FTG,K,test,0.0416666666666666,-0.0206848424545316,-0.062351509121198204
PT017933,P0A3E0,1FTG,K,test,0.1522222222222222,0.5890505939223039,0.43682837170008165
PT017934,P0A3E0,1FTG,K,test,-0.0971428571428571,0.12575388454100106,0.22289674168385815
PT018010,P0A3E0,1FTG,A,test,2.596666666666667,1.4711630604426214,-1.1255036062240458
PT018011,P0A3E0,1FTG,V,test,1.94,0.6337877641151799,-1.30621223588482
PT018012,P0A3E0,1FTG,A,test,1.28,2.030220700142919,0.7502207001429191
PT018013,P0A3E0,1FTG,A,test,-0.0333333333333333,0.15412743304822313,0.18746076638155643
PT018014,P0A3E0,1FTG,V,test,1.146,1.1645937672620084,0.018593767262008454
PT018015,P0A3E0,1FTG,V,test,1.132,1.1372858072969205,0.0052858072969206304
PT018016,P0A3E0,1FTG,A,test,-0.014,0.3412194284180893,0.3552194284180893
PT018017,P0A3E0,1FTG,G,test,1.5179999999999998,1.6403001907365364,0.12230019073653664
PT018018,P0A3E0,1FTG,A,test,0.515,1.2051102751111078,0.6901102751111078
PT018019,P0A3E0,1FTG,A,test,-0.89,0.9094468220328207,1.7994468220328206
PT018020,P0A3E0,1FTG,V,test,0.44,0.49096975574495105,0.05096975574495105
PT018021,P0A3E0,1FTG,A,test,0.6083333333333334,0.5276509441705867,-0.08068238916274673
PT018022,P0A3E0,1FTG,A,test,1.644,1.706987168894664,0.06298716889466416
PT018023,P0A3E0,1FTG,S,test,-0.0816666666666666,0.7876800893656398,0.8693467560323064
PT018024,P0A3E0,1FTG,A,test,0.9333333333333336,2.5420672065598957,1.6087338732265621
PT018025,P0A3E0,1FTG,A,test,0.15,2.385237908832242,2.235237908832242
PT018026,P0A3E0,1FTG,V,test,2.418,0.820338851456979,-1.597661148543021
PT018027,P0A3E0,1FTG,A,test,1.658,1.558373399063099,-0.0996266009369009
PT018067,P0A3E0,1FTG,A,test,0.7333333333333334,2.5627481139625967,1.8294147806292633
PT019967,P0A3E0,1FTG,I,test,-0.4614285714285714,0.8021038551998517,1.2635324266284231
PT019969,P0A3E0,1FTG,A,test,0.86,1.1513202835048877,0.2913202835048877
PT019970,P0A3E0,1FTG,G,test,-0.09,1.8024904695915835,1.8924904695915836
PT019972,P0A3E0,1FTG,A,test,-0.9566666666666666,2.854077933660843,3.8107446003275096
PT019973,P0A3E0,1FTG,A,test,-0.4766666666666667,0.5453556637478524,1.022022330414519
PT019976,P0A3E0,1FTG,I,test,-0.052,1.0466639959974644,1.0986639959974644
PT019978,P0A3E0,1FTG,V,test,0.0259999999999999,0.8854248394764255,0.8594248394764256
PT019979,P0A3E0,1FTG,A,test,-0.19,0.24938677281273566,0.43938677281273564
PT019980,P0A3E0,1FTG,G,test,-0.2066666666666666,0.5730446577949816,0.7797113244616483
PT022082,P0A3E0,1FTG,L,test,-0.2575,0.7356817489263776,0.9931817489263777
PT022099,P0A3E0,1FTG,A,test,0.11,0.6365053270868672,0.5265053270868673
PT022100,P0A3E0,1FTG,V,test,0.0033333333333333,0.7341703908181548,0.7308370574848215
PT022101,P0A3E0,1FTG,L,test,0.4166666666666667,0.7587661170447901,0.34209945037812345
PT022103,P0A3E0,1FTG,L,test,0.0833333333333333,0.7906404173394047,0.7073070840060715
VB00067,P0A3E0,1FTG,K,test,0.55,0.6136264535488714,0.06362645354887131
VB02618,P0A3E0,1FTG,V,test,1.5499999999999998,0.6177796808000066,-0.9322203191999933
VB02619,P0A3E0,1FTG,A,test,1.7999999999999998,1.3473734654804128,-0.452626534519587
VB03759,P0A3E0,1FTG,A,test,-0.6,0.9535379792208392,1.553537979220839
VB03765,P0A3E0,1FTG,G,test,0.35,4.33357362674363,3.9835736267436297
VB05411,P0A3E0,1FTG,V,test,0.7,0.8241664605222719,0.12416646052227198
VB05419,P0A3E0,1FTG,A,test,0.1,2.154816455936244,2.054816455936244
PT003924,P0AA25,2TRX,A,test,3.9,1.0300746810137362,-2.8699253189862635
PT003925,P0AA25,2TRX,S,test,0.1,0.5758473492455236,0.47584734924552363
PT004000,P0AA25,2TRX,A,test,-4.2,0.9570600988487235,5.157060098848723
PT011745,P0AA25,2TRX,I,test,-6.2,0.6516595692925294,6.851659569292529
PT011746,P0AA25,2TRX,A,test,-4.166666666666667,0.8128956788276592,4.979562345494326
PT011747,P0AA25,2TRX,A,test,-4.0,1.301838619354114,5.301838619354114
PT011748,P0AA25,2TRX,L,test,-3.333333333333333,0.6440431350643808,3.977376468397714
PT011749,P0AA25,2TRX,V,test,-3.233333333333333,0.4636787496127524,3.6970120829460855
PT014151,P0AA25,2TRX,K,test,2.9,3.100756885487023,0.20075688548702297
PT014152,P0AA25,2TRX,R,test,3.0,1.8414462249333137,-1.1585537750666863
VB00214,P0AA25,2TRX,C,test,0.0,2.088715298449982,2.088715298449982
VB00216,P0AA25,2TRX,C,test,-2.1,0.46829562332293684,2.568295623322937
VB04581,P0AA25,2TRX,S,test,-1.4,0.365417077702517,1.7654170777025169
PT002293,P00651,1RN1,K,test,-1.0175,-0.0035078977202915996,1.0139921022797085
PT002294,P00651,1RN1,A,test,-0.2083333333333333,1.8061405365108723,2.0144738698442057
PT002314,P00651,1RN1,F,test,2.07,1.258183265014569,-0.8118167349854308
PT002315,P00651,1RN1,F,test,-1.145,0.8887075563366568,2.033707556336657
PT002316,P00651,1RN1,F,test,0.745,0.6057459638925402,-0.1392540361074598
PT002317,P00651,1RN1,F,test,0.47,1.3729173087352373,0.9029173087352373
PT002318,P00651,1RN1,F,test,1.355,0.4067488010089512,-0.9482511989910487
PT002319,P00651,1RN1,A,test,1.155,0.45397464690506306,-0.701025353094937
PT002320,P00651,1RN1,A,test,-0.62,0.191463505789877,0.811463505789877
PT002321,P00651,1RN1,A,test,1.5,0.32785570242776185,-1.1721442975722383
PT002322,P00651,1RN1,A,test,0.8033333333333333,0.4684675766979646,-0.3348657566353687
PT002323,P00651,1RN1,A,test,-0.03,0.07651170747182306,0.10651170747182306
PT002324,P00651,1RN1,A,test,1.885,0.4964675077181383,-1.3885324922818616
PT002325,P00651,1RN1,A,test,2.89,1.5188364386451376,-1.3711635613548625
PT002340,P00651,1RN1,C,test,0.74,0.07296432539353945,-0.6670356746064605
PT002359,P00651,1RN1,D,test,0.71,0.3815781451828741,-0.3284218548171259
PT002360,P00651,1RN1,E,test,0.69,0.26530121624999276,-0.4246987837500072
PT002343,P00651,1RN1,F,test,0.57,0.30197178544857833,-0.2680282145514216
VB02918,P00651,1RN1,G,test,1.1,0.517744653623393,-0.5822553463766071
PT002361,P00651,1RN1,H,test,0.17,0.39266769514102895,0.22266769514102894
PT002346,P00651,1RN1,I,test,0.44,0.2195977210166976,-0.2204022789833024
PT002347,P00651,1RN1,K,test,0.51,0.4826462718647749,-0.02735372813522513
PT002348,P00651,1RN1,L,test,0.13,0.37284628894010113,0.24284628894010113
PT002349,P00651,1RN1,M,test,0.15,0.21285362461569765,0.06285362461569766
PT002350,P00651,1RN1,N,test,-0.34,0.37865085658229625,0.7186508565822962
PT002362,P00651,1RN1,Q,test,0.4,0.2797854694208953,-0.1202145305791047
PT002352,P00651,1RN1,R,test,0.41,0.4871332673028679,0.0771332673028679
PT002363,P00651,1RN1,S,test,0.4,0.2725420176202424,-0.12745798237975764
PT002354,P00651,1RN1,T,test,0.57,0.20359196742970265,-0.3664080325702973
PT002355,P00651,1RN1,V,test,0.66,0.15633217643407793,-0.5036678235659221
PT002356,P00651,1RN1,W,test,0.3,0.39472924346489774,0.09472924346489775
PT002357,P00651,1RN1,Y,test,0.39,0.35522067766874826,-0.03477932233125175
PT002386,P00651,1RN1,A,test,4.33,1.2999810745681573,-3.030018925431843
PT003417,P00651,1RN1,D,test,1.8,0.8114357442521652,-0.9885642557478348
PT003418,P00651,1RN1,S,test,1.7333333333333334,0.6292814481289645,-1.104051885204369
PT005714,P00651,1RN1,N,test,3.132857142857142,0.791402888621068,-2.341454254236074
PT005715,P00651,1RN1,S,test,3.2000000000000006,0.9371156968158613,-2.2628843031841392
PT005716,P00651,1RN1,A,test,3.75,0.9555702062840347,-2.7944297937159654
PT006821,P00651,1RN1,A,test,0.5,0.5354498886974097,0.035449888697409726
PT008358,P00651,1RN1,H,test,-5.1,0.5226561572167395,5.622656157216739
PT008727,P00651,1RN1,V,test,-2.225,0.14710533878670418,2.3721053387867044
PT010052,P00651,1RN1,Y,test,0.93,1.098434462465778,0.16843446246577798
PT010053,P00651,1RN1,W,test,-1.24,0.6303083577904528,1.870308357790453
PT010055,P00651,1RN1,W,test,0.14,0.954723056404108,0.814723056404108
PT010057,P00651,1RN1,W,test,-0.74,0.15525762527653142,0.8952576252765314
PT010059,P00651,1RN1,T,test,0.26,0.8647419296974078,0.6047419296974078
PT010061,P00651,1RN1,A,test,1.06,0.4194786245201639,-0.6405213754798362
PT011654,P00651,1RN1,A,test,2.295,1.8749838681587392,-0.42001613184126074
PT011655,P00651,1RN1,S,test,4.69,3.3357269541631025,-1.354273045836898
PT011656,P00651,1RN1,T,test,3.633333333333333,2.3516353586778025,-1.2816979746555304
PT011657,P00651,1RN1,C,test,4.92,1.6227083785049627,-3.297291621495037
PT011658,P00651,1RN1,A,test,4.09,2.127761677890622,-1.962238322109378
PT011659,P00651,1RN1,S,test,4.715,3.9616466080964985,-0.7533533919035014
PT011660,P00651,1RN1,T,test,3.59,3.0925755359472773,-0.49742446405272256
PT011661,P00651,1RN1,C,test,3.685,1.590578257340663,-2.0944217426593372
PT011662,P00651,1RN1,S,test,4.885,3.3036053098477383,-1.5813946901522615
PT011663,P00651,1RN1,T,test,3.085,2.580423916289622,-0.5045760837103779
PT011664,P00651,1RN1,C,test,3.52,1.3443894096670834,-2.1756105903329166
VB02919,P00651,1RN1,A,test,1.2,0.8331738466738333,-0.36682615332616664
VB02921,P00651,1RN1,F,test,0.15,0.9034241679081405,0.7534241679081405
VB02922,P00651,1RN1,Y,test,0.25,0.6405549936813554,0.3905549936813554
VB02925,P00651,1RN1,T,test,3.6,0.3308834437363033,-3.269116556263697
VB03950,P00651,1RN1,W,test,0.9,0.5889604687216132,-0.3110395312783868
VB04474,P00651,1RN1,S,test,4.9,0.8326857139249846,-4.067314286075016
PT008289,P05230,2AFG,S,test,1.6549999999999998,3.513611904933422,1.8586119049334222
PT008290,P05230,2AFG,S,test,0.6025,2.0773696422444274,1.4748696422444274
PT008292,P05230,2AFG,S,test,2.845,2.0135643433258363,-0.8314356566741639
PT008293,P05230,2AFG,G,test,-1.1916666666666669,0.49408156323475577,1.6857482299014226
PT014301,P05230,2AFG,P,test,-0.695,4.035060836739628,4.730060836739629
PT014302,P05230,2AFG,V,test,1.48,0.7069236281253809,-0.7730763718746191
PT014303,P05230,2AFG,L,test,0.585,0.732412826557032,0.14741282655703203
PT016087,P05230,2AFG,G,test,-0.29,1.312134018968109,1.602134018968109
PT016089,P05230,2AFG,A,test,0.515,0.2083459449021909,-0.3066540550978091
PT016090,P05230,2AFG,N,test,-0.245,0.15475407359199417,0.39975407359199416
PT016091,P05230,2AFG,A,test,1.465,0.5953464730069348,-0.8696535269930653
PT016092,P05230,2AFG,N,test,0.895,1.151389595243775,0.2563895952437749
PT016093,P05230,2AFG,G,test,0.4549999999999999,0.8669820562470911,0.4119820562470912
PT018240,P05230,2AFG,Y,test,-0.7300000000000001,0.595833645738761,1.325833645738761
PT018241,P05230,2AFG,F,test,-0.2624999999999999,1.5723146902064522,1.8348146902064522
PT018242,P05230,2AFG,Y,test,-0.31,1.1384771687426323,1.4484771687426323
PT018243,P05230,2AFG,Y,test,-0.59,2.0608831193351445,2.6508831193351443
PT018244,P05230,2AFG,I,test,0.0075,0.7770342811220622,0.7695342811220622
PT024287,P05230,2AFG,W,test,-0.0466666666666667,3.0144454096079536,3.0611120762746205
PT024288,P05230,2AFG,W,test,0.01,2.783674246415695,2.773674246415695
PT024289,P05230,2AFG,W,test,0.3233333333333333,1.7730854660894233,1.44975213275609
PT024290,P05230,2AFG,W,test,-0.96,2.723287384680674,3.683287384680674
PT024291,P05230,2AFG,I,test,-0.36,0.5006858536085372,0.8606858536085372
VB03971,P05230,2AFG,V,test,0.3,0.49022795439753347,0.19022795439753348
VB03972,P05230,2AFG,I,test,1.0,0.8906191776731203,-0.10938082232687973
PT024299,P05230,2AFG,W,test,-0.07,2.783674246415695,2.853674246415695
PT024300,P05230,2AFG,W,test,0.29,1.7730854660894233,1.4830854660894233
PT006832,P00811,1KE4,F,test,1.125,0.17095051499386643,-0.9540494850061336
VB01426,P11053,1FRD,R,test,-4.0,0.2411865110551798,4.241186511055179
VB00410,P0A3C7,1FXA,A,test,2.4,0.36043797026755536,-2.0395620297324446
VB00411,P0A3C7,1FXA,A,test,-0.1,0.7918671275559662,0.8918671275559662
VB00412,P0A3C7,1FXA,A,test,1.0,0.7640821813116971,-0.23591781868830286
VB00413,P0A3C7,1FXA,Q,test,-0.6,0.28841964049761565,0.8884196404976157
VB01289,P0A3C7,1FXA,D,test,1.1,0.6636768136572829,-0.43632318634271716
VB01309,P0A3C7,1FXA,K,test,-0.3,0.3578527851151621,0.6578527851151621
VB01361,P0A3C7,1FXA,I,test,0.9,0.0934401515285717,-0.8065598484714284
VB01370,P0A3C7,1FXA,W,test,0.6,-0.18176991689507851,-0.7817699168950785
VB01376,P0A3C7,1FXA,Y,test,0.5,-0.03588111243232396,-0.535881112432324
VB01613,P0A3C7,1FXA,H,test,1.4,0.3873057230243587,-1.0126942769756413
PT004707,P00918,1CAH,F,test,-0.5,0.8671654318952723,1.3671654318952724
PT004709,P00918,1CAH,F,test,-1.75,1.1472506718474262,2.8972506718474262
PT004863,P00918,1CAH,S,test,0.6,2.285806339751646,1.6858063397516458
PT023154,P00918,1CAH,Y,test,8.133333333333333,-0.31172015147759924,-8.445053484810932
PT023155,P00918,1CAH,A,test,7.666666666666667,0.07225928429303127,-7.594407382373635
PT023156,P00918,1CAH,F,test,6.666666666666667,-0.4047791737922895,-7.071445840458956
PT023157,P00918,1CAH,N,test,5.466666666666666,0.135024462095664,-5.331642204571002
PT023158,P00918,1CAH,A,test,3.6666666666666665,1.1389273594000615,-2.527739307266605
VB00046,P00918,1CAH,C,test,0.1,1.9494093742375491,1.849409374237549
VB00047,P00918,1CAH,C,test,0.0,2.6298246710188082,2.6298246710188082
VB00048,P00918,1CAH,C,test,0.3,2.494650854174964,2.1946508541749643
VB00049,P00918,1CAH,C,test,1.2,1.2457352263671324,0.04573522636713245
VB00050,P00918,1CAH,C,test,0.5,-0.014066913406958082,-0.5140669134069581
