config_id,fold,params_str,MAE,RMSE,R2,Pearson,Spearman
1,1,"{""n_estimators"": 150, ""min_samples_split"": 2, ""min_samples_leaf"": 20, ""max_features"": ""log2"", ""max_depth"": 4}",1.415827902664975,1.5773808439928876,-0.09089571272816244,0.4325591013616469,0.40668025556594534
1,2,"{""n_estimators"": 150, ""min_samples_split"": 2, ""min_samples_leaf"": 20, ""max_features"": ""log2"", ""max_depth"": 4}",1.4153811320250358,2.0711659986282247,-0.09519261611824725,0.46785603725411595,0.41172202980102474
1,3,"{""n_estimators"": 150, ""min_samples_split"": 2, ""min_samples_leaf"": 20, ""max_features"": ""log2"", ""max_depth"": 4}",1.2630839875931432,1.6836291903763803,0.05314474424872684,0.3658676859754884,0.3794854058693705
1,4,"{""n_estimators"": 150, ""min_samples_split"": 2, ""min_samples_leaf"": 20, ""max_features"": ""log2"", ""max_depth"": 4}",1.2640035331459578,1.610124740630927,0.05253354824324119,0.35530912814244886,0.332625872908257
1,5,"{""n_estimators"": 150, ""min_samples_split"": 2, ""min_samples_leaf"": 20, ""max_features"": ""log2"", ""max_depth"": 4}",1.194480159002634,1.5932602959336717,0.05676001602756442,0.37962689775779646,0.39779751999726004
2,1,"{""n_estimators"": 500, ""min_samples_split"": 5, ""min_samples_leaf"": 1, ""max_features"": ""log2"", ""max_depth"": 8}",1.3534261430353676,1.5177774378131565,-0.010011446017829106,0.44856997944091687,0.4282716768833548
2,2,"{""n_estimators"": 500, ""min_samples_split"": 5, ""min_samples_leaf"": 1, ""max_features"": ""log2"", ""max_depth"": 8}",1.3794649864857675,2.0115704835864805,-0.0330734498361942,0.47631650964948813,0.41501314324405325
2,3,"{""n_estimators"": 500, ""min_samples_split"": 5, ""min_samples_leaf"": 1, ""max_features"": ""log2"", ""max_depth"": 8}",1.2262211077961274,1.6458990666344802,0.0951072713793969,0.383537144689435,0.40201385219537467
2,4,"{""n_estimators"": 500, ""min_samples_split"": 5, ""min_samples_leaf"": 1, ""max_features"": ""log2"", ""max_depth"": 8}",1.2349249651014689,1.5717240331242328,0.09718787597309464,0.373294159770443,0.3264420911755559
2,5,"{""n_estimators"": 500, ""min_samples_split"": 5, ""min_samples_leaf"": 1, ""max_features"": ""log2"", ""max_depth"": 8}",1.1598760551472393,1.5572529357507319,0.0989123208206506,0.4003188366307235,0.40256619422740697
3,1,"{""n_estimators"": 500, ""min_samples_split"": 10, ""min_samples_leaf"": 1, ""max_features"": ""sqrt"", ""max_depth"": 8}",1.311918313780411,1.4947700289093067,0.020377225862076243,0.4427617667585245,0.4390558402434226
3,2,"{""n_estimators"": 500, ""min_samples_split"": 10, ""min_samples_leaf"": 1, ""max_features"": ""sqrt"", ""max_depth"": 8}",1.3373866351486359,1.9473927117174277,0.031793994945250925,0.5127770878149817,0.47084535219224083
3,3,"{""n_estimators"": 500, ""min_samples_split"": 10, ""min_samples_leaf"": 1, ""max_features"": ""sqrt"", ""max_depth"": 8}",1.1941118044989916,1.614435098406821,0.12937350017335236,0.39085328050844803,0.41791065729092247
3,4,"{""n_estimators"": 500, ""min_samples_split"": 10, ""min_samples_leaf"": 1, ""max_features"": ""sqrt"", ""max_depth"": 8}",1.2211330119753883,1.5519431907779102,0.11976945656351601,0.37186238444132963,0.3239043850923456
3,5,"{""n_estimators"": 500, ""min_samples_split"": 10, ""min_samples_leaf"": 1, ""max_features"": ""sqrt"", ""max_depth"": 8}",1.123982564612425,1.5260825095553034,0.1346241627721959,0.40756436824351844,0.39739875367468036
4,1,"{""n_estimators"": 500, ""min_samples_split"": 5, ""min_samples_leaf"": 1, ""max_features"": ""sqrt"", ""max_depth"": 4}",1.3597771822658826,1.5255147489807104,-0.020335346850990366,0.43433789287520475,0.4200209654386899
4,2,"{""n_estimators"": 500, ""min_samples_split"": 5, ""min_samples_leaf"": 1, ""max_features"": ""sqrt"", ""max_depth"": 4}",1.3750599783782416,2.0086397249266046,-0.030065368948567928,0.49592735543819866,0.4355827798282704
4,3,"{""n_estimators"": 500, ""min_samples_split"": 5, ""min_samples_leaf"": 1, ""max_features"": ""sqrt"", ""max_depth"": 4}",1.2279231716730228,1.6483830889453672,0.09237384748484989,0.3805235771656839,0.3972673000529455
4,4,"{""n_estimators"": 500, ""min_samples_split"": 5, ""min_samples_leaf"": 1, ""max_features"": ""sqrt"", ""max_depth"": 4}",1.2373489904875832,1.5725609920248094,0.0962261068411534,0.37351278545854966,0.32359803638611306
4,5,"{""n_estimators"": 500, ""min_samples_split"": 5, ""min_samples_leaf"": 1, ""max_features"": ""sqrt"", ""max_depth"": 4}",1.1612182643424092,1.5566219824711436,0.09964236156687867,0.4041263471603704,0.3991495717772391
5,1,"{""n_estimators"": 300, ""min_samples_split"": 5, ""min_samples_leaf"": 5, ""max_features"": ""log2"", ""max_depth"": 8}",1.3621467986796207,1.5238200846429848,-0.01806966505408969,0.44870130856940166,0.4448145905153128
5,2,"{""n_estimators"": 300, ""min_samples_split"": 5, ""min_samples_leaf"": 5, ""max_features"": ""log2"", ""max_depth"": 8}",1.384495200285269,2.020775432111189,-0.04254977243094582,0.4736896272463875,0.41241848032340267
5,3,"{""n_estimators"": 300, ""min_samples_split"": 5, ""min_samples_leaf"": 5, ""max_features"": ""log2"", ""max_depth"": 8}",1.2291671096725927,1.6497035783335614,0.09091909978289936,0.37946644110655403,0.40109754584218493
5,4,"{""n_estimators"": 300, ""min_samples_split"": 5, ""min_samples_leaf"": 5, ""max_features"": ""log2"", ""max_depth"": 8}",1.238617886157757,1.5734525472866965,0.09520103654366363,0.37649918442899466,0.3297053697230575
5,5,"{""n_estimators"": 300, ""min_samples_split"": 5, ""min_samples_leaf"": 5, ""max_features"": ""log2"", ""max_depth"": 8}",1.163237081262962,1.5605412043245177,0.09510286050900996,0.3970242809384782,0.4058237595371729
6,1,"{""n_estimators"": 300, ""min_samples_split"": 5, ""min_samples_leaf"": 1, ""max_features"": 1.0, ""max_depth"": 12}",1.2405070468678236,1.5558503444181457,-0.06131853996897996,0.3781791266947217,0.37931246695668497
6,2,"{""n_estimators"": 300, ""min_samples_split"": 5, ""min_samples_leaf"": 1, ""max_features"": 1.0, ""max_depth"": 12}",1.3903436953757984,2.0087186222145283,-0.030146290339372106,0.46368960335599774,0.42133181062930936
6,3,"{""n_estimators"": 300, ""min_samples_split"": 5, ""min_samples_leaf"": 1, ""max_features"": 1.0, ""max_depth"": 12}",1.2007519375724027,1.6274939107936484,0.11523192183852904,0.3518389093643159,0.3465888137471308
6,4,"{""n_estimators"": 300, ""min_samples_split"": 5, ""min_samples_leaf"": 1, ""max_features"": 1.0, ""max_depth"": 12}",1.256750830196888,1.6519096334071421,0.0027194102013103905,0.3026057630113507,0.28325340003416677
6,5,"{""n_estimators"": 300, ""min_samples_split"": 5, ""min_samples_leaf"": 1, ""max_features"": 1.0, ""max_depth"": 12}",1.1319820067907151,1.5376847492933532,0.12141588052536045,0.39931192180776154,0.3846678116978352
7,1,"{""n_estimators"": 300, ""min_samples_split"": 20, ""min_samples_leaf"": 1, ""max_features"": 0.5, ""max_depth"": null}",1.253076445301696,1.5616137340558836,-0.06919606060454209,0.38212608076030474,0.3951233796607317
7,2,"{""n_estimators"": 300, ""min_samples_split"": 20, ""min_samples_leaf"": 1, ""max_features"": 0.5, ""max_depth"": null}",1.356543669147887,1.9652733871465913,0.013932516711265941,0.4815995744332584,0.4504950284694048
7,3,"{""n_estimators"": 300, ""min_samples_split"": 20, ""min_samples_leaf"": 1, ""max_features"": 0.5, ""max_depth"": null}",1.1907039885000437,1.616016572638968,0.12766696175878867,0.3643627625221012,0.3786954707228774
7,4,"{""n_estimators"": 300, ""min_samples_split"": 20, ""min_samples_leaf"": 1, ""max_features"": 0.5, ""max_depth"": null}",1.2569305314793602,1.6288367904462397,0.030383639074378466,0.3233980564344386,0.2981497611770498
7,5,"{""n_estimators"": 300, ""min_samples_split"": 20, ""min_samples_leaf"": 1, ""max_features"": 0.5, ""max_depth"": null}",1.1330455628998193,1.5396458894032463,0.11917338534740218,0.4077362794978927,0.3954510240482969
8,1,"{""n_estimators"": 150, ""min_samples_split"": 10, ""min_samples_leaf"": 10, ""max_features"": 0.5, ""max_depth"": null}",1.2344993779536606,1.5461851938984679,-0.04817339133554999,0.3831713393532179,0.3884851726332653
8,2,"{""n_estimators"": 150, ""min_samples_split"": 10, ""min_samples_leaf"": 10, ""max_features"": 0.5, ""max_depth"": null}",1.357108670433492,1.9677451245240474,0.01145058969267565,0.4915241195563254,0.46745364472475254
8,3,"{""n_estimators"": 150, ""min_samples_split"": 10, ""min_samples_leaf"": 10, ""max_features"": 0.5, ""max_depth"": null}",1.1906995436614836,1.621054596232097,0.12221938767394769,0.36576906198980996,0.37401782009868634
8,4,"{""n_estimators"": 150, ""min_samples_split"": 10, ""min_samples_leaf"": 10, ""max_features"": 0.5, ""max_depth"": null}",1.241727267588211,1.6147258374089315,0.04711084598522974,0.3332444236524163,0.3015888551741287
8,5,"{""n_estimators"": 150, ""min_samples_split"": 10, ""min_samples_leaf"": 10, ""max_features"": 0.5, ""max_depth"": null}",1.121056891460168,1.5284577875788505,0.13192823008452115,0.4095606685793337,0.39253457114334145
9,1,"{""n_estimators"": 500, ""min_samples_split"": 20, ""min_samples_leaf"": 20, ""max_features"": 0.5, ""max_depth"": 12}",1.2364732716375881,1.52041829392528,-0.013529241596088815,0.4251891207094012,0.411427816174031
9,2,"{""n_estimators"": 500, ""min_samples_split"": 20, ""min_samples_leaf"": 20, ""max_features"": 0.5, ""max_depth"": 12}",1.3490197540579767,1.9553827613105097,0.023832699641243016,0.5026928899647422,0.4674513297995035
9,3,"{""n_estimators"": 500, ""min_samples_split"": 20, ""min_samples_leaf"": 20, ""max_features"": 0.5, ""max_depth"": 12}",1.1764387841303214,1.5976926428885172,0.14733748429115434,0.39584173474484563,0.3883625132716107
9,4,"{""n_estimators"": 500, ""min_samples_split"": 20, ""min_samples_leaf"": 20, ""max_features"": 0.5, ""max_depth"": 12}",1.2224544354038307,1.5858477922062562,0.08088934981422369,0.3542679323189988,0.32318663722181096
9,5,"{""n_estimators"": 500, ""min_samples_split"": 20, ""min_samples_leaf"": 20, ""max_features"": 0.5, ""max_depth"": 12}",1.1293512115243036,1.5463070726548855,0.11153521361891039,0.3951498523910877,0.38886911956526893
10,1,"{""n_estimators"": 300, ""min_samples_split"": 5, ""min_samples_leaf"": 1, ""max_features"": 1.0, ""max_depth"": 6}",1.3024472005070213,1.5680545443671132,-0.07803395742735053,0.382767950011715,0.37857667997067035
10,2,"{""n_estimators"": 300, ""min_samples_split"": 5, ""min_samples_leaf"": 1, ""max_features"": 1.0, ""max_depth"": 6}",1.3663257110290867,1.98443195970264,-0.0053866565447300285,0.4722846149911657,0.4456505212663408
10,3,"{""n_estimators"": 300, ""min_samples_split"": 5, ""min_samples_leaf"": 1, ""max_features"": 1.0, ""max_depth"": 6}",1.2130818766576215,1.6326969952543597,0.10956568650502874,0.34236076171514507,0.33542920901352047
10,4,"{""n_estimators"": 300, ""min_samples_split"": 5, ""min_samples_leaf"": 1, ""max_features"": 1.0, ""max_depth"": 6}",1.231990916465329,1.6018280281351598,0.062272674274576834,0.32908926129594224,0.3128802057563238
10,5,"{""n_estimators"": 300, ""min_samples_split"": 5, ""min_samples_leaf"": 1, ""max_features"": 1.0, ""max_depth"": 6}",1.131258155386453,1.5460685864690524,0.11180924746679999,0.38742163788968054,0.36803724352612727
11,1,"{""n_estimators"": 300, ""min_samples_split"": 2, ""min_samples_leaf"": 20, ""max_features"": ""sqrt"", ""max_depth"": 8}",1.3329988031919093,1.5031412760929375,0.00937402462323289,0.4460356185985622,0.432434915457652
11,2,"{""n_estimators"": 300, ""min_samples_split"": 2, ""min_samples_leaf"": 20, ""max_features"": ""sqrt"", ""max_depth"": 8}",1.3479257787614665,1.9672619765178112,0.011935974751238088,0.4973614585672361,0.4508355329287687
11,3,"{""n_estimators"": 300, ""min_samples_split"": 2, ""min_samples_leaf"": 20, ""max_features"": ""sqrt"", ""max_depth"": 8}",1.1960026137489994,1.613588378532433,0.13028649252394509,0.4008538416945905,0.4219492238774435
11,4,"{""n_estimators"": 300, ""min_samples_split"": 2, ""min_samples_leaf"": 20, ""max_features"": ""sqrt"", ""max_depth"": 8}",1.2238629435902115,1.5552098356746287,0.11606000790872639,0.3731010612039105,0.33547524101981163
11,5,"{""n_estimators"": 300, ""min_samples_split"": 2, ""min_samples_leaf"": 20, ""max_features"": ""sqrt"", ""max_depth"": 8}",1.13197898201775,1.5301407334046466,0.13001555436241252,0.4095597209873659,0.4101739207796446
12,1,"{""n_estimators"": 300, ""min_samples_split"": 10, ""min_samples_leaf"": 20, ""max_features"": ""sqrt"", ""max_depth"": 4}",1.3716540207093901,1.5343574581710635,-0.0321984618880411,0.43706766203374936,0.42669979464251356
12,2,"{""n_estimators"": 300, ""min_samples_split"": 10, ""min_samples_leaf"": 20, ""max_features"": ""sqrt"", ""max_depth"": 4}",1.379418169671005,2.0147686419246837,-0.036360989522035814,0.491822270052642,0.43069786665722265
12,3,"{""n_estimators"": 300, ""min_samples_split"": 10, ""min_samples_leaf"": 20, ""max_features"": ""sqrt"", ""max_depth"": 4}",1.230046031321006,1.650435330333683,0.09011244662345919,0.3803625846193629,0.40604397441064577
12,4,"{""n_estimators"": 300, ""min_samples_split"": 10, ""min_samples_leaf"": 20, ""max_features"": ""sqrt"", ""max_depth"": 4}",1.2446707878362808,1.5802202606912898,0.08740087876836311,0.3638754351629,0.30969235868990164
12,5,"{""n_estimators"": 300, ""min_samples_split"": 10, ""min_samples_leaf"": 20, ""max_features"": ""sqrt"", ""max_depth"": 4}",1.1620679549017798,1.5584202416465887,0.0975609164800435,0.40681630441176786,0.4107886051216364
13,1,"{""n_estimators"": 500, ""min_samples_split"": 20, ""min_samples_leaf"": 2, ""max_features"": 1.0, ""max_depth"": null}",1.2650452466703461,1.6142863227062692,-0.14253955538156715,0.3586834221611872,0.3771826533769722
13,2,"{""n_estimators"": 500, ""min_samples_split"": 20, ""min_samples_leaf"": 2, ""max_features"": 1.0, ""max_depth"": null}",1.3855155601175384,2.0052521340160667,-0.02659386776285455,0.46395390519675583,0.4386247231353985
13,3,"{""n_estimators"": 500, ""min_samples_split"": 20, ""min_samples_leaf"": 2, ""max_features"": 1.0, ""max_depth"": null}",1.1993473763847966,1.6231211521641664,0.11997993320011224,0.35675820255566654,0.3590363430984236
13,4,"{""n_estimators"": 500, ""min_samples_split"": 20, ""min_samples_leaf"": 2, ""max_features"": 1.0, ""max_depth"": null}",1.2640055408641153,1.6435003161291903,0.012847207058834798,0.3162703068942725,0.28677644980749867
13,5,"{""n_estimators"": 500, ""min_samples_split"": 20, ""min_samples_leaf"": 2, ""max_features"": 1.0, ""max_depth"": null}",1.1331232661293582,1.5470148565512774,0.1107216818208947,0.38994073325955475,0.3887270863235573
14,1,"{""n_estimators"": 300, ""min_samples_split"": 5, ""min_samples_leaf"": 10, ""max_features"": 0.5, ""max_depth"": 10}",1.242561877419196,1.5455196994688585,-0.0472712957279291,0.3864417109630792,0.3982968981049214
14,2,"{""n_estimators"": 300, ""min_samples_split"": 5, ""min_samples_leaf"": 10, ""max_features"": 0.5, ""max_depth"": 10}",1.3595645927064086,1.9621551164677888,0.017059192063675566,0.4988223221000207,0.4679881293976014
14,3,"{""n_estimators"": 300, ""min_samples_split"": 5, ""min_samples_leaf"": 10, ""max_features"": 0.5, ""max_depth"": 10}",1.1887720481170352,1.615706023440558,0.12800220126161022,0.3726337741566962,0.37941358426299493
14,4,"{""n_estimators"": 300, ""min_samples_split"": 5, ""min_samples_leaf"": 10, ""max_features"": 0.5, ""max_depth"": 10}",1.2389897848521656,1.6113376730986018,0.05110552760301712,0.33059346838646675,0.30673801942359263
14,5,"{""n_estimators"": 300, ""min_samples_split"": 5, ""min_samples_leaf"": 10, ""max_features"": 0.5, ""max_depth"": 10}",1.1235237393456843,1.5361207816487177,0.12320217430865643,0.39973507020272425,0.3832508629127562
15,1,"{""n_estimators"": 150, ""min_samples_split"": 20, ""min_samples_leaf"": 2, ""max_features"": ""log2"", ""max_depth"": 4}",1.4119254942413038,1.5721983750150312,-0.08373923444655262,0.4637701126372039,0.43053082733575854
15,2,"{""n_estimators"": 150, ""min_samples_split"": 20, ""min_samples_leaf"": 2, ""max_features"": ""log2"", ""max_depth"": 4}",1.4133215024927301,2.066506698076427,-0.09027066211529444,0.48119111176679374,0.4160980277008384
15,3,"{""n_estimators"": 150, ""min_samples_split"": 20, ""min_samples_leaf"": 2, ""max_features"": ""log2"", ""max_depth"": 4}",1.260858865249565,1.6833523208105545,0.05345613567575058,0.35891931967623136,0.38011313044698264
15,4,"{""n_estimators"": 150, ""min_samples_split"": 20, ""min_samples_leaf"": 2, ""max_features"": ""log2"", ""max_depth"": 4}",1.263014200897719,1.608788039809015,0.05410603942615455,0.3548151097437079,0.33203614702273265
15,5,"{""n_estimators"": 150, ""min_samples_split"": 20, ""min_samples_leaf"": 2, ""max_features"": ""log2"", ""max_depth"": 4}",1.1918087421099366,1.5907678095907358,0.0597089049559939,0.387298947842014,0.40546030987398785
16,1,"{""n_estimators"": 150, ""min_samples_split"": 20, ""min_samples_leaf"": 10, ""max_features"": ""sqrt"", ""max_depth"": null}",1.2732384781086137,1.478368779107217,0.04175695699078463,0.4358488218489551,0.4171447861812028
16,2,"{""n_estimators"": 150, ""min_samples_split"": 20, ""min_samples_leaf"": 10, ""max_features"": ""sqrt"", ""max_depth"": null}",1.3217085479780304,1.929064374060998,0.049933220825712055,0.49958534759449025,0.4612302049463334
16,3,"{""n_estimators"": 150, ""min_samples_split"": 20, ""min_samples_leaf"": 10, ""max_features"": ""sqrt"", ""max_depth"": null}",1.1769366467444367,1.5911660731478987,0.1542895034711802,0.4129118485253142,0.43062288216718647
16,4,"{""n_estimators"": 150, ""min_samples_split"": 20, ""min_samples_leaf"": 10, ""max_features"": ""sqrt"", ""max_depth"": null}",1.2123756615409023,1.5472120484569003,0.1251280910929824,0.3764401299095083,0.33673518565568716
16,5,"{""n_estimators"": 150, ""min_samples_split"": 20, ""min_samples_leaf"": 10, ""max_features"": ""sqrt"", ""max_depth"": null}",1.1204136636865023,1.5235229751191814,0.13752453255557828,0.4080981123384939,0.4082429507056983
17,1,"{""n_estimators"": 500, ""min_samples_split"": 20, ""min_samples_leaf"": 5, ""max_features"": 0.5, ""max_depth"": 8}",1.2864999887369521,1.573252893844709,-0.08519351236679751,0.3795421154197622,0.39636099751289644
17,2,"{""n_estimators"": 500, ""min_samples_split"": 20, ""min_samples_leaf"": 5, ""max_features"": 0.5, ""max_depth"": 8}",1.350867309508106,1.9597156405442047,0.019501781672341845,0.4933617937785556,0.4710416999429124
17,3,"{""n_estimators"": 500, ""min_samples_split"": 20, ""min_samples_leaf"": 5, ""max_features"": 0.5, ""max_depth"": 8}",1.1981003336348206,1.6236006601791315,0.1194598993065289,0.35689643647147157,0.3589747118015479
17,4,"{""n_estimators"": 500, ""min_samples_split"": 20, ""min_samples_leaf"": 5, ""max_features"": 0.5, ""max_depth"": 8}",1.234574284529848,1.5965809520341119,0.06840600175536349,0.3397213926973818,0.3130439546959866
17,5,"{""n_estimators"": 500, ""min_samples_split"": 20, ""min_samples_leaf"": 5, ""max_features"": 0.5, ""max_depth"": 8}",1.118619572312659,1.5291004092736102,0.1311981359655755,0.40416996809720107,0.3881130364125725
18,1,"{""n_estimators"": 150, ""min_samples_split"": 2, ""min_samples_leaf"": 10, ""max_features"": 1.0, ""max_depth"": 10}",1.2815913549124396,1.6080787705660045,-0.13376944154322268,0.36560263801184256,0.3788768252945556
18,2,"{""n_estimators"": 150, ""min_samples_split"": 2, ""min_samples_leaf"": 10, ""max_features"": 1.0, ""max_depth"": 10}",1.3782014517080314,1.993003791863286,-0.014091030148501549,0.4716343752231583,0.440982000994144
18,3,"{""n_estimators"": 150, ""min_samples_split"": 2, ""min_samples_leaf"": 10, ""max_features"": 1.0, ""max_depth"": 10}",1.1997497935784922,1.628789934522678,0.11382222440750622,0.3550762265826675,0.34458026801848046
18,4,"{""n_estimators"": 150, ""min_samples_split"": 2, ""min_samples_leaf"": 10, ""max_features"": 1.0, ""max_depth"": 10}",1.234994040481739,1.6134858285785894,0.048573803031971896,0.3303178125582317,0.2996483823569389
18,5,"{""n_estimators"": 150, ""min_samples_split"": 2, ""min_samples_leaf"": 10, ""max_features"": 1.0, ""max_depth"": 10}",1.1291560835317744,1.544691158590614,0.11339116139837457,0.3894313868967002,0.3782504363226452
19,1,"{""n_estimators"": 150, ""min_samples_split"": 10, ""min_samples_leaf"": 1, ""max_features"": ""sqrt"", ""max_depth"": 6}",1.3161397501679613,1.4924523156148803,0.02341277572596212,0.44347803286829357,0.4327417197896133
19,2,"{""n_estimators"": 150, ""min_samples_split"": 10, ""min_samples_leaf"": 1, ""max_features"": ""sqrt"", ""max_depth"": 6}",1.3503328112051605,1.9688105305442194,0.01037982945928817,0.5019076620417774,0.4481301481856935
19,3,"{""n_estimators"": 150, ""min_samples_split"": 10, ""min_samples_leaf"": 1, ""max_features"": ""sqrt"", ""max_depth"": 6}",1.2075099243207956,1.6285192021585446,0.11411679531565966,0.37779526034779504,0.39319079956193154
19,4,"{""n_estimators"": 150, ""min_samples_split"": 10, ""min_samples_leaf"": 1, ""max_features"": ""sqrt"", ""max_depth"": 6}",1.2259707006495448,1.5544378439249116,0.11693734934313194,0.373917755847867,0.3226518949680895
19,5,"{""n_estimators"": 150, ""min_samples_split"": 10, ""min_samples_leaf"": 1, ""max_features"": ""sqrt"", ""max_depth"": 6}",1.134661493940536,1.5370442082579605,0.12214769758695043,0.4027041727702617,0.3993601500023416
20,1,"{""n_estimators"": 500, ""min_samples_split"": 2, ""min_samples_leaf"": 20, ""max_features"": ""sqrt"", ""max_depth"": 6}",1.3473305813526961,1.5138122347681413,-0.004741017102682266,0.44140162508921993,0.42288271313352377
20,2,"{""n_estimators"": 500, ""min_samples_split"": 2, ""min_samples_leaf"": 20, ""max_features"": ""sqrt"", ""max_depth"": 6}",1.3564863822555235,1.981847792310551,-0.0027698918220819824,0.49564433449739337,0.4435438077598389
20,3,"{""n_estimators"": 500, ""min_samples_split"": 2, ""min_samples_leaf"": 20, ""max_features"": ""sqrt"", ""max_depth"": 6}",1.2096018767213004,1.6280921890857458,0.11458130824752577,0.38844973678932165,0.4053914165501375
20,4,"{""n_estimators"": 500, ""min_samples_split"": 2, ""min_samples_leaf"": 20, ""max_features"": ""sqrt"", ""max_depth"": 6}",1.2276520800276667,1.5585053473938488,0.11230987603973974,0.3773767472452803,0.33138871475825366
20,5,"{""n_estimators"": 500, ""min_samples_split"": 2, ""min_samples_leaf"": 20, ""max_features"": ""sqrt"", ""max_depth"": 6}",1.142991977626934,1.5388578458975755,0.12007482906039935,0.4080754452366015,0.40526918753310276
21,1,"{""n_estimators"": 300, ""min_samples_split"": 5, ""min_samples_leaf"": 20, ""max_features"": 0.5, ""max_depth"": 12}",1.228313421001849,1.5129089525914121,-0.0035423296259948778,0.4224398017887745,0.40751699632058525
21,2,"{""n_estimators"": 300, ""min_samples_split"": 5, ""min_samples_leaf"": 20, ""max_features"": 0.5, ""max_depth"": 12}",1.3483557180208365,1.952928153596786,0.026281942731684715,0.5066424857999023,0.4680437665214855
21,3,"{""n_estimators"": 300, ""min_samples_split"": 5, ""min_samples_leaf"": 20, ""max_features"": 0.5, ""max_depth"": 12}",1.177478948889248,1.599760747909229,0.14512862774327318,0.3929339838947839,0.3855008235203989
21,4,"{""n_estimators"": 300, ""min_samples_split"": 5, ""min_samples_leaf"": 20, ""max_features"": 0.5, ""max_depth"": 12}",1.2217738778998615,1.5879387897291348,0.078463990808329,0.3517787461585538,0.3210221632168531
21,5,"{""n_estimators"": 300, ""min_samples_split"": 5, ""min_samples_leaf"": 20, ""max_features"": 0.5, ""max_depth"": 12}",1.1262466314599833,1.5441624775907135,0.11399795328831797,0.39654855033278286,0.39093231563494235
22,1,"{""n_estimators"": 150, ""min_samples_split"": 5, ""min_samples_leaf"": 1, ""max_features"": ""sqrt"", ""max_depth"": 12}",1.271173975374633,1.4882869550587805,0.028856381922206076,0.42222605093550614,0.42122065589702984
22,2,"{""n_estimators"": 150, ""min_samples_split"": 5, ""min_samples_leaf"": 1, ""max_features"": ""sqrt"", ""max_depth"": 12}",1.3321312613008214,1.9296375151881202,0.04936859141982308,0.509929931398238,0.45284988617902616
22,3,"{""n_estimators"": 150, ""min_samples_split"": 5, ""min_samples_leaf"": 1, ""max_features"": ""sqrt"", ""max_depth"": 12}",1.1809594071860317,1.605862253971323,0.13859521352531334,0.38777206261927555,0.4084346522001837
22,4,"{""n_estimators"": 150, ""min_samples_split"": 5, ""min_samples_leaf"": 1, ""max_features"": ""sqrt"", ""max_depth"": 12}",1.2158549395724785,1.5559567052830103,0.11521080232376324,0.36349738654071007,0.32108724056116006
22,5,"{""n_estimators"": 150, ""min_samples_split"": 5, ""min_samples_leaf"": 1, ""max_features"": ""sqrt"", ""max_depth"": 12}",1.1179054054767061,1.5269459819293898,0.13364460954561574,0.3994036143719059,0.3885704876033078
23,1,"{""n_estimators"": 150, ""min_samples_split"": 2, ""min_samples_leaf"": 1, ""max_features"": 0.5, ""max_depth"": 12}",1.2693338596619708,1.5947095721296434,-0.11499600760216433,0.3659194083723337,0.37808899114508315
23,2,"{""n_estimators"": 150, ""min_samples_split"": 2, ""min_samples_leaf"": 1, ""max_features"": 0.5, ""max_depth"": 12}",1.387506261099454,1.9888639519659024,-0.00988249393967533,0.496173791783189,0.4505970430161765
23,3,"{""n_estimators"": 150, ""min_samples_split"": 2, ""min_samples_leaf"": 1, ""max_features"": 0.5, ""max_depth"": 12}",1.1973052606521983,1.6315317558902291,0.11083622092136003,0.3506025940616371,0.3523020227928189
23,4,"{""n_estimators"": 150, ""min_samples_split"": 2, ""min_samples_leaf"": 1, ""max_features"": 0.5, ""max_depth"": 12}",1.2375847584756696,1.614853893187637,0.046959702307059925,0.32944163128979537,0.3162934873355374
23,5,"{""n_estimators"": 150, ""min_samples_split"": 2, ""min_samples_leaf"": 1, ""max_features"": 0.5, ""max_depth"": 12}",1.1231386135321184,1.53327199954975,0.12645125452682726,0.4027835242820932,0.39317444768323967
24,1,"{""n_estimators"": 500, ""min_samples_split"": 10, ""min_samples_leaf"": 2, ""max_features"": ""log2"", ""max_depth"": 8}",1.3555283011181918,1.5197348652175002,-0.012618282679335069,0.45632298813876954,0.42374780513923693
24,2,"{""n_estimators"": 500, ""min_samples_split"": 10, ""min_samples_leaf"": 2, ""max_features"": ""log2"", ""max_depth"": 8}",1.3767061443769537,2.007677299764338,-0.029078508720843832,0.48006764061563817,0.42427907875494403
24,3,"{""n_estimators"": 500, ""min_samples_split"": 10, ""min_samples_leaf"": 2, ""max_features"": ""log2"", ""max_depth"": 8}",1.2259185564473212,1.6467011846542816,0.09422506949625409,0.37737469803744716,0.3990440904671377
24,4,"{""n_estimators"": 500, ""min_samples_split"": 10, ""min_samples_leaf"": 2, ""max_features"": ""log2"", ""max_depth"": 8}",1.2356013551089862,1.5716668209921063,0.09725360108176673,0.3729308708856599,0.32405603946525574
24,5,"{""n_estimators"": 500, ""min_samples_split"": 10, ""min_samples_leaf"": 2, ""max_features"": ""log2"", ""max_depth"": 8}",1.15790219463676,1.555593103196594,0.10083218565619634,0.4012006052967526,0.40648877540572703
25,1,"{""n_estimators"": 150, ""min_samples_split"": 5, ""min_samples_leaf"": 10, ""max_features"": ""sqrt"", ""max_depth"": 10}",1.3029573655657727,1.4924781254409434,0.023378998078157687,0.42872717918629066,0.4169539688527878
25,2,"{""n_estimators"": 150, ""min_samples_split"": 5, ""min_samples_leaf"": 10, ""max_features"": ""sqrt"", ""max_depth"": 10}",1.3230928234039665,1.932325540713796,0.04671824773624611,0.506703231529205,0.46851616910810917
25,3,"{""n_estimators"": 150, ""min_samples_split"": 5, ""min_samples_leaf"": 10, ""max_features"": ""sqrt"", ""max_depth"": 10}",1.188694451304685,1.6074577414738518,0.13688268393722158,0.39394403008667256,0.4211020245749493
25,4,"{""n_estimators"": 150, ""min_samples_split"": 5, ""min_samples_leaf"": 10, ""max_features"": ""sqrt"", ""max_depth"": 10}",1.2103590972143035,1.5409142354732035,0.13223579956226394,0.38699424706078855,0.34799028221686207
25,5,"{""n_estimators"": 150, ""min_samples_split"": 5, ""min_samples_leaf"": 10, ""max_features"": ""sqrt"", ""max_depth"": 10}",1.1293263051172442,1.5307107700198828,0.12936722790051325,0.4003500328245533,0.397063668364437
